Mã phiếu,Mã chỉ thị,Mã sản phẩm,Tháng phát hành,Số lượng chỉ thị,Ghi chú
579142,P260906052,TU0425B-20Z2,Oct-26,10575,
579143,P260906053,TU0425BU-20Z2,Oct-26,10800,
579144,P260906054,TU0425B-100Z2,Oct-26,8150,
579145,P260906055,TU0425BU-100Z2,Oct-26,3250,
579146,P260906056,TU0425C-20Z2,Oct-26,5400,
579147,P260906057,TU0425C-100Z2,Oct-26,5700,
579148,P260906058,TU0425W-20Z2,Oct-26,1800,
579149,P260906059,TU0425R-20Z2,Oct-26,900,
579150,P260906060,TU0425G-100Z2,Oct-26,1750,
579151,P260906061,TU0425W-100Z2,Oct-26,2050,
579152,P260906062,TU0425R-100Z2,Oct-26,750,
579153,P260906063,TU0425Y-20Z2,Oct-26,1125,
579154,P260906064,TU0425G-20Z2,Oct-26,1800,
579155,P260906065,TU0425Y-100Z2,Oct-26,300,
579156,P260906066,TU0425B-33Z2,Oct-26,224,
579157,P260906067,TU0425BU-33Z2,Oct-26,224,
579158,P260906068,TU0425BU3-100Z2,Oct-26,300,
579159,P260906069,TU0425YR-20Z2,Oct-26,1350,
579160,P260906070,TU0425BU2-20Z2,Oct-26,450,
579162,P260906072,TU0425R-33Z2,Oct-26,224,
579163,P260906073,TU0425YR-33Z2,Oct-26,224,
579164,P260906074,TU0425BU2-100Z2,Oct-26,200,
579165,P260906075,TU0425YR-100Z2,Oct-26,50,
579166,P260906076,TU0425R1-100Z2,Oct-26,300,
579167,P260906077,TU0425S1-100Z2,Oct-26,200,
579168,P260906078,TU0425S1-20Z2,Oct-26,225,
579169,P260906079,TU0425Y1-100Z2,Oct-26,200,
579170,P260906080,TU0425BU-500Z2,Oct-26,24,
579172,P260906082,TU0425Y1-20Z2,Oct-26,225,
579173,P260906083,TU0425G1-20Z2,Oct-26,225,
579174,P260906084,TU0425P1-20Z2,Oct-26,225,
579177,P260906087,TU0425YR-305Z2,Oct-26,36,
579178,P260906088,TU0425Y3-33Z2,Oct-26,27,
579179,P260906089,TU0425C-305Z2,Oct-26,24,
579181,P260906091,TU0604B-20Z2,Oct-26,10752,
579182,P260906092,TU0604B-100Z2,Oct-26,9956,
579183,P260906093,TU0604BU-20Z2,Oct-26,12480,
579184,P260906094,TU0604BU-100Z2,Oct-26,10108,
579185,P260906095,TU0604C-20Z2,Oct-26,6912,
579186,P260906096,TU0604C-100Z2,Oct-26,5206,
579187,P260906097,TU0604Y-20Z2,Oct-26,3168,
579188,P260906098,TU0604W-100Z2,Oct-26,2546,
579189,P260906099,TU0604W-20Z2,Oct-26,4608,
579190,P260906100,TU0604R-20Z2,Oct-26,2688,
579193,P260906103,TU0604BU3-100Z2,Oct-26,684,
579194,P260906104,TU0604Y-100Z2,Oct-26,684,
579195,P260906105,TU0604BU3-20Z2,Oct-26,192,
579197,P260906107,TU0604YR-100Z2,Oct-26,304,
579198,P260906108,TU0604B-33Z2,Oct-26,204,
579199,P260906109,TU0604YR-20Z2,Oct-26,576,
579200,P260906110,TU0604BU-33Z2,Oct-26,136,
579201,P260906111,TU0604G1-100Z2,Oct-26,114,
579202,P260906112,TU0604R-33Z2,Oct-26,136,
579203,P260906113,TU0604BU-500Z2,Oct-26,128,
579204,P260906114,TU0604Y1-20Z2,Oct-26,192,
579205,P260906115,TU0604Y1-100Z2,Oct-26,152,
579206,P260906116,TU0604G1-20Z2,Oct-26,192,
579207,P260906117,TU0604B-305-X108Z2,Oct-26,4,
579208,P260906118,TU0604B-305Z2,Oct-26,32,
579209,P260906119,TU0604C-500Z2,Oct-26,16,
579210,P260906120,TU0604C-305Z2,Oct-26,8,
579212,P260906122,TU0604BU-500-X108Z2,Oct-26,16,
579213,P260906123,TU0805BU-20Z2,Oct-26,17080,
579214,P260906124,TU0805B-20Z2,Oct-26,5110,
579215,P260906125,TU0805BU-100Z2,Oct-26,5130,
579216,P260906126,TU0805B-100Z2,Oct-26,2736,
579217,P260906127,TU0805C-20Z2,Oct-26,2660,
579218,P260906128,TU0805C-100Z2,Oct-26,1656,
579219,P260906129,TU0805W-20Z2,Oct-26,2240,
579220,P260906130,TU0805W-100Z2,Oct-26,954,
579221,P260906131,TU0805Y-20Z2,Oct-26,1050,
579224,P260906134,TU0805G-20Z2,Oct-26,420,
579225,P260906135,TU0805BU3-100Z2,Oct-26,684,
579226,P260906136,TU0805Y-100Z2,Oct-26,360,
579228,P260906138,TU0805YR-20Z2,Oct-26,420,
579229,P260906139,TU0805G-100Z2,Oct-26,108,
579230,P260906140,TU0805BU1-100Z2,Oct-26,324,
579231,P260906141,TU0805BU1-20Z2,Oct-26,140,
579232,P260906142,TU0805BU2-20Z2,Oct-26,280,
579233,P260906143,TU0805S1-20Z2,Oct-26,140,
579235,P260906145,TU0805S1-100Z2,Oct-26,468,
579236,P260906146,TU0805BU2-100Z2,Oct-26,108,
579237,P260906147,TU0805GR1-100Z2,Oct-26,72,
579238,P260906148,TU0805YR-100Z2,Oct-26,180,
579239,P260906149,TU0805GR1-20Z2,Oct-26,280,
579244,P260906154,TU0805R-153Z2,Oct-26,12,
579245,P260906155,TU0805B-500Z2,Oct-26,8,
579247,P260906157,TU1065BU-20Z2,Oct-26,2156,
579248,P260906158,TU1065B-20Z2,Oct-26,2728,
579249,P260906159,TU1065BU-100Z2,Oct-26,3396,
579250,P260906160,TU1065B-100Z2,Oct-26,2256,
579251,P260906161,TU1065C-20Z2,Oct-26,1892,
579252,P260906162,TU1065C-100Z2,Oct-26,780,
579253,P260906163,TU1065W-20Z2,Oct-26,1056,
579254,P260906164,TU1065R-20Z2,Oct-26,484,
579255,P260906165,TU1065Y-20Z2,Oct-26,220,
579257,P260906167,TU1065R-100Z2,Oct-26,132,
579258,P260906168,TU1065G-20Z2,Oct-26,176,
579259,P260906169,TU1065Y-100Z2,Oct-26,228,
579260,P260906170,TU1065BU3-100Z2,Oct-26,216,
579261,P260906171,TU1065BU3-20Z2,Oct-26,264,
579262,P260906172,TU1065YR-20Z2,Oct-26,352,
579263,P260906173,TU1065G-100Z2,Oct-26,48,
579264,P260906174,TU1065YR-100Z2,Oct-26,24,
579265,P260906175,TU1065R1-20Z2,Oct-26,88,
579266,P260906176,TU1065S1-100Z2,Oct-26,144,
579267,P260906177,TU1065R-33Z2,Oct-26,30,
579268,P260906178,TU1065B-153Z2,Oct-26,6,
579269,P260906179,TU1065GR2-100Z2,Oct-26,24,
579270,P260906180,TU1208BU-20Z2,Oct-26,7020,
579271,P260906181,TU1208B-20Z2,Oct-26,1944,
579272,P260906182,TU1208BU-100Z2,Oct-26,1720,
579273,P260906183,TU1208B-100Z2,Oct-26,1456,
579274,P260906184,TU1208C-20Z2,Oct-26,1620,
579275,P260906185,TU1208C-100Z2,Oct-26,1024,
579276,P260906186,TU1208W-20Z2,Oct-26,720,
579278,P260906188,TU1208Y-20Z2,Oct-26,180,
579280,P260906190,TU1208BU3-100Z2,Oct-26,352,
579281,P260906191,TU1208Y-100Z2,Oct-26,272,
579283,P260906193,TU1208BU3-20Z2,Oct-26,216,
579284,P260906194,TU1208G1-100Z2,Oct-26,160,
579285,P260906195,TU1208YR-20Z2,Oct-26,216,
579286,P260906196,TU1208BU-33Z2,Oct-26,80,
579287,P260906197,TU1208G-100Z2,Oct-26,136,
579288,P260906198,TU1208YR-100Z2,Oct-26,72,
579290,P260906200,TU1208R1-20Z2,Oct-26,72,
579291,P260906201,TU1208G1-20Z2,Oct-26,36,
579292,P260906202,TU1208R1-100Z2,Oct-26,112,
579293,P260906203,TU1208C-100-X108Z2,Oct-26,4,
579294,P260906204,TU1208B-305Z2,Oct-26,4,
579295,P260906205,TU1208B-500Z2,Oct-26,2,
579297,P260906207,TU1610B-20Z2,Oct-26,860,
579298,P260906208,TU1610BU-20Z2,Oct-26,1240,
579299,P260906209,TU1610C-20Z2,Oct-26,220,
579300,P260906210,TU1610BU-100Z2,Oct-26,262,
579301,P260906211,TU1610B-100Z2,Oct-26,270,
579302,P260906212,TU1610W-20Z2,Oct-26,200,
579303,P260906213,TU1610C-100Z2,Oct-26,114,
579304,P260906214,TU1610R-20Z2,Oct-26,480,
579305,P260906215,TU1610BU3-20Z2,Oct-26,80,
579306,P260906216,TU1610BU3-100Z2,Oct-26,56,
579307,P260906217,TU1610W-100Z2,Oct-26,22,
579308,P260906218,TU1610S1-20Z2,Oct-26,40,
579309,P260906219,TU1610R-100Z2,Oct-26,8,
579310,P260906220,TU1610YR-20Z2,Oct-26,40,
579311,P260906221,TU1610G-100Z2,Oct-26,28,
579312,P260906222,TU1610BU1-100Z2,Oct-26,20,
579313,P260906223,TU1610YR-100Z2,Oct-26,12,
579314,P260906224,TIUB01C-20Z2,Oct-26,3600,
579315,P260906225,TIUB01BU-20Z2,Oct-26,7200,
579316,P260906226,TIUB01C-100Z2,Oct-26,816,
579317,P260906227,TIUB01Y-20Z2,Oct-26,1800,
579319,P260906229,TIUB01G-20Z2,Oct-26,450,
579320,P260906230,TIUB01BU-100Z2,Oct-26,136,
579322,P260906232,TIUB01G2-100Z2,Oct-26,68,
579323,P260906233,TIUB05W-33Z2,Oct-26,118,
579325,P260906235,TIUB07BU-100Z2,Oct-26,128,
579326,P260906236,TIUB07W-33Z2,Oct-26,144,
579327,P260906237,TIUB07R-20Z2,Oct-26,224,
579328,P260906238,TIUB07BU-153Z2,Oct-26,80,
579329,P260906239,TIUB07C-100Z2,Oct-26,128,
579330,P260906240,TIUB07YR-33Z2,Oct-26,144,
579331,P260906241,TIUB07R1-33Z2,Oct-26,72,
579332,P260906242,TIUB07C-305Z2,Oct-26,128,
579335,P260906245,TIUB07Y-20Z2,Oct-26,112,
579336,P260906246,TIUB07Y1-153Z2,Oct-26,40,
579337,P260906247,TIUB07BU1-33Z2,Oct-26,144,
579338,P260906248,TIUB07BU2-33Z2,Oct-26,70,
579339,P260906249,TIUB07R-305Z2,Oct-26,32,
579340,P260906250,TIUB07C-20Z2,Oct-26,896,
579341,P260906251,TIUB07W-153Z2,Oct-26,40,
579342,P260906252,TIUB07YR-153Z2,Oct-26,40,
579343,P260906253,TIUB07W-100Z2,Oct-26,16,
579344,P260906254,TIUB07BU2-153Z2,Oct-26,20,
579345,P260906255,TIUB07C-500Z2,Oct-26,60,
579346,P260906256,TIUB11C-33Z2,Oct-26,352,
579347,P260906257,TIUB11BU-20Z2,Oct-26,928,
579348,P260906258,TIUB11B-153Z2,Oct-26,54,
579349,P260906259,TIUB11B-20Z2,Oct-26,232,
579350,P260906260,TIUB11C-20Z2,Oct-26,464,
579351,P260906261,TIUB11BU-100Z2,Oct-26,216,
579352,P260906262,TIUB11GR1-33Z2,Oct-26,88,
579353,P260906263,TIUB11R-153Z2,Oct-26,69,
579354,P260906264,TIUB11BU1-20Z2,Oct-26,116,
579355,P260906265,TIUB11R1-20Z2,Oct-26,58,
579356,P260906266,TIUB11B-100Z2,Oct-26,24,
579357,P260906267,TIUB11C-100Z2,Oct-26,24,
579358,P260906268,TIUB11GR2-20Z2,Oct-26,174,
579359,P260906269,TIUB11R1-153Z2,Oct-26,18,
579360,P260906270,TIUB11G-153Z2,Oct-26,30,
579362,P260906272,TIUB11W-153Z2,Oct-26,30,
579363,P260906273,TIUB11BU2-20Z2,Oct-26,116,
579364,P260906274,TIUB11B-305Z2,Oct-26,32,
579365,P260906275,TIUB11BU1-305Z2,Oct-26,4,
579366,P260906276,TIUB13BU-33Z2,Oct-26,352,
579367,P260906277,TIUB13C-33Z2,Oct-26,264,
579368,P260906278,TIUB13B-20Z2,Oct-26,408,
579369,P260906279,TIUB13BU-100Z2,Oct-26,24,
579370,P260906280,TIUB13BU-153Z2,Oct-26,28,
579371,P260906281,TIUB13C-153Z2,Oct-26,16,
579381,P260906291,HF2B-TU0805W-20,Oct-26,560,
579387,P260906297,HF2B-TU0604B-20,Oct-26,768,
